TITLE,DESCRIPTION,PRICE,CURRENCY_CODE,QUANTITY,TAGS,MATERIALS,IMAGE1,IMAGE2,IMAGE3,IMAGE4,IMAGE5,IMAGE6,IMAGE7,IMAGE8,IMAGE9,IMAGE10,VARIATION 1 TYPE,VARIATION 1 NAME,VARIATION 1 VALUES,VARIATION 2 TYPE,VARIATION 2 NAME,VARIATION 2 VALUES,Product ID
100% Pure Raw New Zealand Manuka Honey Unpasteurized Unfiltered Glass Jar Superfood ~USA tested and poured-Free Priority Shipping,"ğŸAlpha Manuka has been sourced from a New Zealand producer that exceeds certification standards and is a champion among Manuka Honey producers.  ğŸ¯

ğŸ Alpha Honey Manuka is an exclusive reserve with a high quality, much more intense full-flavor Manuka.

Manuka is used both medicinally and as gourmet food.ğŸ¯

ğŸ Sharply nutty flavor with earthy tones, this is a caramel thick full bodied honey.  ğŸ¯

Free Fast Shipping by Priority Mail

2 ğŸ¯ğŸ¯ Jar Discount listed here $42:ğŸŒ¸

https://www.etsy.com/listing/787588797/2-jars-100-new-zealand-manuka-honeys?ref=shop_home_active_14

3 ğŸ¯ğŸ¯ğŸ¯Jar Discount listed here $59.99â­ï¸


https://www.etsy.com/listing/785642707/3-jars-100pure-manuka-honey-bioactive?ref=shop_home_active_15


Or try our highest level ğŸ’¥ superfood honey: Royal Jelly ğŸ‘‘ğŸ & Hanuka Manuka Blend for the ultimate health benefits - $26 listed here:


https://www.etsy.com/listing/746170251/pure-royal-jelly-with-manuka-honey-wild?ref=shop_home_active_22&crt=1",25,USD,21,"sore_throat,Pure_Honey,natural_honey,superfood,unpasteurized_honey,unfiltered_honey,honeycomb,honey_pot,manuka_honey,new_zealand_manuka,anti_bacterial,organic_honey,honey_glass_jar","health food,healthy,diet,Manuka Honey,Pure,New Zealand,antiviral,antioxidant,immune support,immune booster,best raw honey,honeybee,food and drink",https://i.etsystatic.com/21435983/r/il/aa0bb6/2373746491/il_fullxfull.2373746491_68lq.jpg,https://i.etsystatic.com/21435983/r/il/145f10/2410734203/il_fullxfull.2410734203_gb87.jpg,https://i.etsystatic.com/21435983/r/il/43a022/2373328669/il_fullxfull.2373328669_th46.jpg,https://i.etsystatic.com/21435983/r/il/bf89bb/2363341943/il_fullxfull.2363341943_d08m.jpg,https://i.etsystatic.com/21435983/r/il/e9c68f/2244251585/il_fullxfull.2244251585_5ih7.jpg,https://i.etsystatic.com/21435983/r/il/f46b1b/2373296235/il_fullxfull.2373296235_hjs8.jpg,https://i.etsystatic.com/21435983/r/il/aa402b/2279335685/il_fullxfull.2279335685_iabe.jpg,https://i.etsystatic.com/21435983/r/il/446a43/2325743232/il_fullxfull.2325743232_40d2.jpg,https://i.etsystatic.com/21435983/r/il/4a477a/2318286176/il_fullxfull.2318286176_dgqw.jpg,https://i.etsystatic.com/21435983/r/il/020531/2395640719/il_fullxfull.2395640719_tci5.jpg,,,,,,,1
Intensely Healing Body Butter Manuka Honey & Royal Jelly thick cocoa and shea moisturizer ~Ships Priority Free,"Natural skin care â€“ anti aging â€“ face cleanser â€“ antioxidant â€“ moisturizing cream â€“ all skin types â€“ moisturizing â€“ for radiant a glowing skin â€“ hydrating day and night cream

Packed with high quality best honey in the world â€“ Manuka honey â€“ contains minerals and vitamins; improved hydration helps with wrinkles, fine lines and makes the skin glow

Medicinal Grade MGO83+ New Zealand Manuka Honey & Antioxidant Rich Royal Jelly Skin Moisturizer 

Royal Jelly for skin rejuvenation
New Zealand Manuka Honey for ultimate skin protection and hydration

Coupled with the soothing creamy texture of she and cocoa butter
100g size
Highly concentrated
lasts up to 30 days with daily use!

Choose your Essential Oil Scent!

No Scent 
Honey ğŸ¯
Lime & Coconut Verbena ğŸ¥¥
Spa Couture (Fresh Scent) ğŸŒ±
Honeysuckle Jasmine CoutureFloral Scent) ğŸŒ¸
Pina Colada ğŸ¹",16.9,USD,25,"manuka_honey,skin_care,dry_skin,body_balm,eczema,natural_skin_care,thick_moisturizer,organic,slaves_and_lotion,essential_oil,beauty,natural,spa","Manuka Honey,Royal Jelly,Shea Butter,Cocoa Butter,Honey fragrance,moisturizer,natural,hydrating,hands,dry,healthy,organic,vegan",https://i.etsystatic.com/21435983/r/il/a659f2/2285790312/il_fullxfull.2285790312_pcbi.jpg,https://i.etsystatic.com/21435983/r/il/f62ce4/2363609513/il_fullxfull.2363609513_eikp.jpg,https://i.etsystatic.com/21435983/r/il/1d866c/2333405753/il_fullxfull.2333405753_htcp.jpg,https://i.etsystatic.com/21435983/r/il/a48479/2363352543/il_fullxfull.2363352543_ewc1.jpg,https://i.etsystatic.com/21435983/r/il/deaa76/2332346985/il_fullxfull.2332346985_qpro.jpg,https://i.etsystatic.com/21435983/r/il/fbfa0e/2264746490/il_fullxfull.2264746490_h56v.jpg,https://i.etsystatic.com/21435983/r/il/8582c9/2264746430/il_fullxfull.2264746430_f06l.jpg,,,,Custom Property,scent,"No Scent,Honey Scent,Lime Coconut Verbena,Spa Couture,Honeysuckle Couture,PiÃ±a Colada",,,,2
"3 Jar Manuka, Royal Jelly & Organic Rainforest Honey -3 Superfood Raw Honeys-Manuka-Royal Jelly with Manuka -Manuka Organic Blend~Free ship","This lovely packaged set is great for a gift or just to treat yourself to all three immune boosting, decedent honeys! Great value to buy in the set!!

1.  100% Manuka 83+ Honey:
100% Raw, Pure Bioactive Manuka Honey from New Zealand has a uniquely sharp nutty flavor and characteristic caramel thick texture.  This powerful raw honey is packed with antibacterial, performance-enhancing, and immunity properties

2.  Raw Hanuka Manuka Honey:
A harmonized blend of our Bioactive Manuka and Organic Rainforest Brazilian Honey.  This perfectly blended mix of both our medicinal Manuka and award winning floral-smooth Organic Wild Brazilian honey packs an unbelievable creamy taste with all the added benefits from both hemispheres

3.  Royal Hanuka Manuka Honey:
The most powerful blend that combines Manuka Honey, Organic Wild Brazilian Honey, and Pure Royal Jelly that give this thick honey a full-bodied tangy taste.  Royal Jelly is highly nutritious and packed with antioxidants that research indicates promote cellular longevity and anti-aging effects.",49.99,USD,3,"unfiltered,local_honey,organic_honey,immune_booster,honey_pot,honeycomb,manuka_honey,royal_jelly,natural_honey,honey_sampler,health_and_fitness,paleo,diet","sweet treat,raw honey,wildflower honey,pure honey,natural honey,manuka honey,honey,natural,healthy gift,honey set,gift for her,professional gift,bodybuilding",https://i.etsystatic.com/21435983/r/il/c1537c/2264898144/il_fullxfull.2264898144_5kff.jpg,https://i.etsystatic.com/21435983/r/il/8ac8dd/2363361993/il_fullxfull.2363361993_oe3g.jpg,https://i.etsystatic.com/21435983/r/il/8c9817/2282542478/il_fullxfull.2282542478_53if.jpg,https://i.etsystatic.com/21435983/r/il/d0c20d/2233002876/il_fullxfull.2233002876_jrho.jpg,https://i.etsystatic.com/21435983/r/il/5c76c8/2315774464/il_fullxfull.2315774464_b9y1.jpg,https://i.etsystatic.com/21435983/r/il/f42ee9/2330150055/il_fullxfull.2330150055_sayx.jpg,https://i.etsystatic.com/21435983/r/il/b2012b/2233002878/il_fullxfull.2233002878_6dug.jpg,https://i.etsystatic.com/21435983/r/il/94ffc4/2330150385/il_fullxfull.2330150385_5765.jpg,https://i.etsystatic.com/21435983/r/il/b64029/2363362005/il_fullxfull.2363362005_onat.jpg,https://i.etsystatic.com/21435983/r/il/d6487d/2284620290/il_fullxfull.2284620290_apqp.jpg,,,,,,,3
Glowing Skin 2 Manuka Honey & Royal Jelly Lightweight Aloe Serum- wear all day skincare~Free Priority Shipping,"Natural skin care â€“ anti aging â€“ face cleanser â€“ antioxidant â€“ moisturizing face cream â€“ all skin types â€“ moisturizing â€“ for radiant a glowing skin â€“ hydrating day and night cream

Packed with high quality best honey in the world â€“ Manuka honey â€“ contains minerals and vitamins; improved hydration helps with wrinkles, fine lines and makes the skin glow 

UNIQUELY NATURAL AND GLOWING FACE MOISTURIZER: Discount 2 Jar Pack!

Highly concentrated moisturizer will last on average 30 days with daily use (twice per day use)!

MGO 83+ ğŸ‡³ğŸ‡¿ NEW ZEALAND MANUKA HONEY ğŸ¯ & PURE ğŸŒ± ROYAL ğŸ‘‘ JELLY ğŸ ğŸ‘¸

Our most exclusive Organic Aloe Vera and Coconut Oil based moisturizer is infused with medicinal grade MGO 83+ Manuka Honey and Pure Royal Jelly to repair, brighten, and promote youthful radiant skin growth.  

Free Fast Shipping by Priority Mail

ğŸMedically recommended as preventative and acute treatment for: acne, acne scarring, rosacea, eczema, seborrheic dermatitis, and anti-age.
ğŸ Recommended daily use (morning and pm)
ğŸAloe Vera base with Coconut oil base (carrier oil and repair base)
ğŸGreat for all skin types 
ğŸHighly concentrated (40+doses per jar)
ğŸGreat for day and pm use- (recommended thicker application for pm)
    
â¤ï¸Heals and protects with the benefits of medical grade MGO83+ Manuka Honey and B Vitamin Complex Rich Royal Jelly

Choose your Essential Oil Scent!
No Scent 
Honey ğŸ¯
Lime & Coconut Verbena ğŸ¥¥
Spa Couture (Fresh Scent) ğŸŒ±
Honeysuckle Jasmine CoutureFloral Scent) ğŸŒ¸
Pina Colada ğŸ¹",27.99,USD,25,"clear_skin,Manuka_Honey,Raw_honey,New_Zealand_Manuka,Royal_Jelly,Anti_Age,Wrinkle,Organic_Moisturizer,Natural_Face_Cream,Night_Serum,Aloe_Vera,Acne,Eczema","manuka honey,royal jelly,aloe vera,coconut oil,natural night cream,skin beauty,honey,raw honey,natural skin care,acne care,light cream,face moisturizer,honeybee",https://i.etsystatic.com/21435983/r/il/ce9b7c/2312479447/il_fullxfull.2312479447_oay2.jpg,https://i.etsystatic.com/21435983/r/il/0485da/2333665493/il_fullxfull.2333665493_qffi.jpg,https://i.etsystatic.com/21435983/r/il/399c48/2316044022/il_fullxfull.2316044022_3ebg.jpg,https://i.etsystatic.com/21435983/r/il/b7bc60/2332347619/il_fullxfull.2332347619_b8ga.jpg,https://i.etsystatic.com/21435983/r/il/bb0e1f/2214239420/il_fullxfull.2214239420_6kvq.jpg,https://i.etsystatic.com/21435983/r/il/6885c6/2312353071/il_fullxfull.2312353071_ixmc.jpg,https://i.etsystatic.com/21435983/r/il/a4141c/2312353069/il_fullxfull.2312353069_know.jpg,,,,Custom Property,Jar 1 Scent,"Honey Scent,Lime Coconut Verbena,Spa Couture,Honeysuckle Couture,Pina Colada,No Scent",Custom Property,Jar 2 Scent,"Honey Scent,Lime Coconut Verbena,Spa Couture,Honeysuckle Couture,Pina Colada,No Scent",4
Glowing Skin Manuka Essential Oil Beauty Face Wash and Makeup Removal ~Free Priority Shipping,"ğŸŒºMANUKA FLOWER ESSENTIAL OIL: POWERFUL ANTIOXIDANT AND ANTIBACTERIALğŸŒFACE WASH

Natural skin care â€“ anti aging â€“ face cleanser â€“ antioxidant â€“ moisturizing face cream â€“ all skin types â€“ moisturizing â€“ for radiant a glowing skin â€“ hydrating day and night cream

Packed with minerals and vitamins; improved hydration helps with wrinkles, fine lines and makes the skin glow

This silky smooth foaming face wash is made with a very rare antimicrobial and antioxidant rich Manuka bush essential oil.  Pure manuka oil is extracted from the remotely growing Leptospermum scoparium bush in New Zealand (the same plant Manuka Honey is made from). Research has indicated that Manuka oils prevent skin aging and photo/sun damage from harmful UV rays.  


ğŸŒºMedically recommended for treatment and prevention of: acne, eczema, rosacea, and environmental skin damage/exposure
ğŸŒºRecommended for daily use (morning and pm)
ğŸŒºGood for all skin types
ğŸŒºGentle foaming

ğŸŒ± ğŸ’¥  Manuka Oil:  Up to 30x stronger (antimicrobial) than Tea tree oil- 
ğŸŒ±ğŸ˜²Manuka Oil:  Can prevents and repairs photo damageâ˜€ï¸

Choose your Essential Oil Scent!
No Scent 
Honey ğŸ¯
Lime & Coconut Verbena ğŸ¥¥
Spa Couture (Fresh Scent) ğŸŒ±
Honeysuckle Jasmine CoutureFloral Scent) ğŸŒ¸
Pina Colada ğŸ¹",14.9,USD,25,"clear_skin,antiviral,sanitizer,natural_soap,manuka,honey_soap,acne,eczema,manuka_essential_oil,tea_tree,antibacterial,organic_face_wash,foaming_face_wash","all natural,healthy,teenager gift,scented soap,bath,organic,foaming,acne,essential oils,gentle foaming,antibacterial,natural antibacterial,antiviral",https://i.etsystatic.com/21435983/r/il/90780e/2298470740/il_fullxfull.2298470740_4wjx.jpg,https://i.etsystatic.com/21435983/r/il/b18681/2315765928/il_fullxfull.2315765928_ju0e.jpg,https://i.etsystatic.com/21435983/r/il/524c86/2333386207/il_fullxfull.2333386207_9vmc.jpg,https://i.etsystatic.com/21435983/r/il/855df4/2363619191/il_fullxfull.2363619191_oene.jpg,https://i.etsystatic.com/21435983/r/il/3bcbcc/2333378823/il_fullxfull.2333378823_1ud1.jpg,https://i.etsystatic.com/21435983/r/il/0d1cb2/2277792584/il_fullxfull.2277792584_oqeb.jpg,https://i.etsystatic.com/21435983/r/il/bf74df/2073645746/il_fullxfull.2073645746_conu.jpg,https://i.etsystatic.com/21435983/r/il/4d2ed7/2261825103/il_fullxfull.2261825103_j6np.jpg,,,Scent,Scent,"No Scent,Honey Scent,Lime Coconut Verbena,Spa Couture,Honeysuckle Couture,Pina Colada",,,,6
Summer Glow Manuka Honey & Royal Jelly Lightweight Aloe Face Cream~Free Priority Shipping,"New Zealand ğŸ‡³ğŸ‡¿ Manuka Honey  ğŸ¯ Aloe Vera and Pure Royal ğŸ‘‘  Jelly Face Moisturizer.  

Natural skin care â€“ anti aging  â€“ antioxidant â€“ moisturizing face cream â€“ all skin types â€“ moisturizing â€“ for radiant a glowing skin â€“ hydrating day and night cream

Packed with high quality best honey in the world â€“ Manuka honey â€“ contains minerals and vitamins; improved hydration helps with wrinkles, fine lines and makes the skin glow


Added bonus of exclusive Royal Jelly for skin rejuvenation and regrowth

Get rid of the need for a ton of  skin care products with an all in one skin care moisturizer!

Within 30 days of consistent use most customers report needing less products and little to no make up (especially foundations).

Great for men too! Easy to use - all- in - one- all - you need face moisturizer

Keep your skin healthy and glowing naturally with Manuka Honey, Royal Jelly, Aloe Vera, and Coconut Oil!

Choose your Essential Oil Scent!

No Scent 
Honey ğŸ¯
Lime & Coconut Verbena ğŸ¥¥
Spa Couture (Fresh Scent) ğŸŒ±
Honeysuckle Jasmine CoutureFloral Scent) ğŸŒ¸
Pina Colada ğŸ¹",16.9,USD,25,"glowing_skin,natural_skin_care,honey,royal_jelly,organic,manuka,face_serum,night_cream,spa,dry,acne,cream,make-up","raw honey,pure,aloe vera,royal jelly,bee product,coconut oil,scented,honey,beauty,light cream,face moisturizer,natural skincare,acne care",https://i.etsystatic.com/21435983/r/il/3b6c2e/2333404977/il_fullxfull.2333404977_cqbl.jpg,https://i.etsystatic.com/21435983/r/il/e56933/2364105210/il_fullxfull.2364105210_dd06.jpg,https://i.etsystatic.com/21435983/r/il/696291/2312480103/il_fullxfull.2312480103_gu0d.jpg,https://i.etsystatic.com/21435983/r/il/e13a92/2332312145/il_fullxfull.2332312145_92mx.jpg,https://i.etsystatic.com/21435983/r/il/330e05/2316049330/il_fullxfull.2316049330_bjtp.jpg,https://i.etsystatic.com/21435983/r/il/dead42/2275086412/il_fullxfull.2275086412_5kcf.jpg,https://i.etsystatic.com/21435983/r/il/7030eb/2312358043/il_fullxfull.2312358043_bvyf.jpg,https://i.etsystatic.com/21435983/r/il/b11aa1/2312358041/il_fullxfull.2312358041_ep6f.jpg,https://i.etsystatic.com/21435983/r/il/a972ff/2363356935/il_fullxfull.2363356935_cqpj.jpg,,Scent,Scent,"No Scent,Honey Scent,Lime Coconut Verbena,Spa Couture,Honeysuckle Couture,PiÃ±a Colada",,,,8
2 Jar Hanuka Manuka Honey: Manuka and Rainforest Raw Honey ~Pure Naturally Sweet Superfood Plant Based -Free shipping,"Award winning taste with the power of pure unfiltered unpasteurized straight from the hive Organic Rainforest Honey from Brazil and Pure Raw New Zealand Manuka Honey

This raw pure honey blend gives you the best of both hemispheres full of antioxidants and health benefits

Use as an immune and energy boost or as a healthy alternative to any sweeter

Free Fast Shipping by Priority Mail",29.99,USD,1,"diet,summer,antiviral,sore_throat,organic,free_shipping,anti_bacterial,antioxidants,honeycomb,superfood,immune_boosting,natural_honey,raw_honey","sweet,wild,Rainforest,Manuka Honey,mgo,Bioactive,non gmo,honey,New Zealand,Brazilian,Manuka,raw,organic",https://i.etsystatic.com/21435983/r/il/08fe58/2312416431/il_fullxfull.2312416431_sqwx.jpg,https://i.etsystatic.com/21435983/r/il/258a53/2363347473/il_fullxfull.2363347473_i3yk.jpg,https://i.etsystatic.com/21435983/r/il/27e060/2284585222/il_fullxfull.2284585222_mq59.jpg,https://i.etsystatic.com/21435983/r/il/5bfff4/2330153307/il_fullxfull.2330153307_aff8.jpg,https://i.etsystatic.com/21435983/r/il/7800b7/2363347341/il_fullxfull.2363347341_qkzg.jpg,https://i.etsystatic.com/21435983/r/il/a201fb/2363347403/il_fullxfull.2363347403_4ygn.jpg,https://i.etsystatic.com/21435983/r/il/344b2a/2348052196/il_fullxfull.2348052196_bg3d.jpg,https://i.etsystatic.com/21435983/r/il/0366de/2395641223/il_fullxfull.2395641223_6v1l.jpg,,,,,,,,,9
Glowing Skin Manuka Honey & Royal Jelly Deep Cocoa and Shea Butter Moisturizer~Ships Free Priority Mail,"UNIQUE AND NATURALLY HYDRATING BODY BALM FOR BODY OR FACE:

 ğŸ‡³ğŸ‡¿NEW ZEALAND MANUKA HONEY ğŸğŸ¯  INFUSED WITHâ¤ï¸PURE ğŸŒ±ROYAL ğŸ‘¸ JELLY ğŸ˜²


ğŸğŸ¯Shea Butter and Cocoa Butter Base ğŸ’¦

Designed originally for multi-day ğŸ˜“endurance racersğŸƒğŸ½â€â™‚ï¸exposed to extreme environmental elementsğŸ”¥ğŸŒª ğŸŒŠ to protect and restore skin

Use daily, great for hands ğŸ¤²ğŸ½, can be used on faceğŸ¤©or areas of skin dryness ğŸŒµ

Repairs crepe-paper like skin texture immediately. ğŸ’¦ğŸŒˆ

Choose your Essential Oil Scent!

No Scent 
Honey ğŸ¯
Lime & Coconut Verbena ğŸ¥¥
Spa Couture (Fresh Scent) ğŸŒ±
Honeysuckle Jasmine CoutureFloral Scent) ğŸŒ¸
Pina Colada ğŸ¹",16.9,USD,24,"body_butter,natural_moisturizer,honey,manuka_honey,real_honey,royal_jelly,cocoa_butter,shea_butter,organic_moisturizer,glass_jar,scented,New_Zealand_Manuka,free_shipping","royal jelly,honey,manuka honey,best hand cream,fragrant hand cream,beauty gift,raw,pure honey,honey skin care,spa,moisturizer,body lotion,cream",https://i.etsystatic.com/21435983/r/il/2bf14b/2285762368/il_fullxfull.2285762368_tfi8.jpg,https://i.etsystatic.com/21435983/r/il/0ea9b0/2333652489/il_fullxfull.2333652489_r5io.jpg,https://i.etsystatic.com/21435983/r/il/b00752/2264878856/il_fullxfull.2264878856_f3pv.jpg,https://i.etsystatic.com/21435983/r/il/7ff607/2333371907/il_fullxfull.2333371907_g7td.jpg,https://i.etsystatic.com/21435983/r/il/aeca06/2073859066/il_fullxfull.2073859066_q6sq.jpg,https://i.etsystatic.com/21435983/r/il/c17544/2231727242/il_fullxfull.2231727242_61o5.jpg,,,,,Scent,Scent,"No Scent,Honey Scent,Lime Coconut Verbena,Spa Couture,Honeysuckle Couture,PiÃ±a Colada",,,,10
Hanuka Manuka: Raw Honey 100% Natural Manuka & Organic Rainforest Honey Real Active Manuka Antibacterial Healthy  No additives~Free Shipping,"Hanuka Manuka:  Pure New Zealand Raw Manuka Honey and ORGANIC BRAZILIAN Honey

Perfect Blend of our reserve quality MGO 83 Manuka Honey &  an award winning Organic and Fair Trade Wild Brazilian Honey

Santa Catarina Honey from Brazil wins internationally (5 consecutive years) for taste and quality of organic honey-2019:   â€œThe honey produced in Santa Catarina has been awarded the title of the best honey in the world during the 46th Congress of the International Association of Beekeepers' Federations (APIMONDIA), held between September 8th and 12th in Canada.â€

Unique Africanized bee species (hybrid Killer bees) and stingless endangered bees of Brazil produce unique antioxidant rich honey to give the best 

The award winning floral taste dominates this honey with a uniquely rich flavor combination.


Free Fast Shipping by Priority Mail",18.99,USD,11,"raw_honey,manuka_honey,organic_honey,active_manuka,real_honey,natural_honey,non_toxic,no_additives,Pure_honey,new_zealand_honey,healthy,immune_support,anti_bacterial","honey,natural,sore throat,weight loss,natural gift,get well gift,new home gift,trendy gift,doctor recommended,medicinal,best gift,rare,pure",https://i.etsystatic.com/21435983/r/il/d3a13b/2333283901/il_fullxfull.2333283901_9dw4.jpg,https://i.etsystatic.com/21435983/r/il/9a64f8/2330125367/il_fullxfull.2330125367_kaym.jpg,https://i.etsystatic.com/21435983/r/il/78f7f1/2284616600/il_fullxfull.2284616600_fa1s.jpg,https://i.etsystatic.com/21435983/r/il/173ac6/2373721964/il_fullxfull.2373721964_chi2.jpg,https://i.etsystatic.com/21435983/r/il/14d5f8/2421331067/il_fullxfull.2421331067_spz8.jpg,,,,,,,,,,,,11
Manuka Tea Tree Oil Beauty Face Wash~Free Priority Shipping,"Natural skin care â€“ anti aging â€“ face cleanser â€“ antioxidantâ€“ all skin types

Packed with high concentrations of minerals and vitamins; improved hydration helps with wrinkles, fine lines and makes the skin glow

Gentle Foaming, Manuka Tree Oil Face and Body Wash

Manuka Tree Oil is 30X's more powerful than Tea Tree Oils! Will not dry you out!

Gentle foaming, highly concentrated 

Great for acne, makeup removal, natural antibacterial

Leave skin feeling squeaky clean

Choose your Essential Oil Scent!

No Scent 
Honey ğŸ¯
Lime & Coconut Verbena ğŸ¥¥
Spa Couture (Fresh Scent) ğŸŒ±
Honeysuckle Jasmine CoutureFloral Scent) ğŸŒ¸
Pina Colada ğŸ¹


2 ğŸ¤©Bottle Discount $25 listed here:

https://www.etsy.com/listing/774551340/summer-glow-2-manuka-oil-natural-face?ref=shop_home_active_12

Looking for a great face moisturizer ğŸ§´ with Manuka Honey ğŸ¯ and Royal ğŸ‘‘ ğŸ Jelly to use with this wash: $16.90


https://www.etsy.com/listing/780281239/summer-glow-manuka-honey-royal-jelly?ref=shop_home_active_19",14.9,USD,10,"raw_honey_soap,body_scrub,manuka_oil,tea_tree,acne,antibacterial,body_wash,lime_coconut_scent,natural_skin_care,spa,eczema,gentle_foaming,beauty","manuka tree essential oil,new zealand,natural base,essential oil,lime and coconut,liquid foaming face wash,gentle,antibacterial soap,herbal,natural antibacterial,antiviral,disenfectant,sanitizer",https://i.etsystatic.com/21435983/r/il/4f0f98/2333387645/il_fullxfull.2333387645_2whq.jpg,https://i.etsystatic.com/21435983/r/il/ceba9a/2333385997/il_fullxfull.2333385997_2ymb.jpg,https://i.etsystatic.com/21435983/r/il/d95bb1/2364104662/il_fullxfull.2364104662_he8g.jpg,https://i.etsystatic.com/21435983/r/il/f68961/2346082641/il_fullxfull.2346082641_1kum.jpg,https://i.etsystatic.com/21435983/r/il/3aabb7/2325396871/il_fullxfull.2325396871_jv0q.jpg,https://i.etsystatic.com/21435983/r/il/549fb4/2315766862/il_fullxfull.2315766862_keu8.jpg,https://i.etsystatic.com/21435983/r/il/3e891f/2264765040/il_fullxfull.2264765040_9l18.jpg,https://i.etsystatic.com/21435983/r/il/cd0d2c/2276694336/il_fullxfull.2276694336_tjz4.jpg,,,Scent,Scent,"No Scent,Honey Scent,Lime Coconut Verbena,Spa Couture,Honeysuckle Couture,PiÃ±a Colada",,,,12
Summer Sexy Legs Manuka Honey & Royal Jelly Deep Balm Moisturizer ~Free Priority Shipping,"Manuka Honey Intensely Hydrating! Highly concentrated formula lasts over 30 days with daily use (a little bit of this goes a long way!)
Royal Jelly exclusive skin restoring vitamins and minerals

Natural skin care â€“ anti aging â€“ antioxidant â€“ moisturizing face cream â€“ all skin types â€“ moisturizing â€“ for radiant a glowing skin â€“ hydrating day and night cream

Packed with high quality best honey in the world â€“ Manuka honey â€“ contains minerals and vitamins; improved hydration helps with wrinkles, fine lines and makes the skin glow

Shea & Cocoa Butter Base for all day wear

Great for after sun or outdoor beach exposure! ğŸ

Fixes the most dry and cracked skin with the natural healing and restoring power of honey and royal jelly

Great winter and chapped hand fixer upper
Works great for eczema and sensitive hands

Choose your Essential Oil Scent!

No Scent 
Honey ğŸ¯
Lime & Coconut Verbena ğŸ¥¥
Spa Couture (Fresh Scent) ğŸŒ±
Honeysuckle Jasmine CoutureFloral Scent) ğŸŒ¸
Pina Colada ğŸ¹",16.9,USD,25,"beach,summer,detox,manuka_honey,natural_skin_care,body_balm,dry_hands,scented,hydrating,organic,beauty,moisturizer,natural","honey,royal jelly,shea,cocoa,butter,essential oils,body lotion,raw honey,pure ingredients,non toxic,organic,skincare,moisturizer",https://i.etsystatic.com/21435983/r/il/f136e3/2231710226/il_fullxfull.2231710226_p4bn.jpg,https://i.etsystatic.com/21435983/r/il/ecb0ee/2363357953/il_fullxfull.2363357953_ss5i.jpg,https://i.etsystatic.com/21435983/r/il/71c77d/2410738515/il_fullxfull.2410738515_sxa7.jpg,https://i.etsystatic.com/21435983/r/il/fcf1c8/2282864308/il_fullxfull.2282864308_cppf.jpg,https://i.etsystatic.com/21435983/r/il/f143ed/2346082047/il_fullxfull.2346082047_t70r.jpg,https://i.etsystatic.com/21435983/r/il/870e0f/2264769474/il_fullxfull.2264769474_e2b8.jpg,https://i.etsystatic.com/21435983/r/il/0c1675/2264769522/il_fullxfull.2264769522_dfwh.jpg,,,,Scent,Scent,"No Scent,Honey Scent,Lime Coconut Verbena,Spa Couture,Honeysuckle Couture,PiÃ±a Colada",,,,13
2 Royal Jelly & Manuka + Rainforest Organic Honey- Sweet Superfood Healthy ~Free Priority Shipping,"Pure Royal Jelly Queen Bee Superfood with already powerful New Zealand Manuka Honey MGO83+ & Brazilian Rainforest Pure Raw Unfiltered Honey. All Bee products nothing added straight from the hive

A sweet honey with a tangy superfood royal jelly, 100% natural all bee products


Great Energy Booster 
Great for Post Workout
Natural source of Vitamins and Minerals like Zinc, Magnesium and B complex
Anti-Inflammatory
Antioxidant Rich
Raw~Pure ~Simple:Real Food",44,USD,5,"immune_support,natural_honey,superfood,anti_bacterial,healthy,organic_honey,new_zealand_honey,manuka_honey,raw_honey,bodybuilding,health_and_fitness,paleo,diet","health and fitness,diet,bodybuilding,all natural,no sugar added,prebiotic,zinc,organic honey,Manuka,royal jelly,honey,raw,healthy",https://i.etsystatic.com/21435983/r/il/3c20b7/2373758953/il_fullxfull.2373758953_bu37.jpg,https://i.etsystatic.com/21435983/r/il/d23616/2363348291/il_fullxfull.2363348291_674l.jpg,https://i.etsystatic.com/21435983/r/il/67acb0/2373751583/il_fullxfull.2373751583_dhtp.jpg,https://i.etsystatic.com/21435983/r/il/f04240/2363129138/il_fullxfull.2363129138_nqwq.jpg,https://i.etsystatic.com/21435983/r/il/edb221/2254074542/il_fullxfull.2254074542_2puj.jpg,https://i.etsystatic.com/21435983/r/il/cd82a4/2325721222/il_fullxfull.2325721222_ebef.jpg,https://i.etsystatic.com/21435983/r/il/334a83/2332349705/il_fullxfull.2332349705_an6x.jpg,https://i.etsystatic.com/21435983/r/il/2e3597/2373306653/il_fullxfull.2373306653_sdu6.jpg,https://i.etsystatic.com/21435983/r/il/23d3dc/2282545084/il_fullxfull.2282545084_gwgh.jpg,https://i.etsystatic.com/21435983/r/il/6b7268/2373306733/il_fullxfull.2373306733_bb4e.jpg,,,,,,,14
2 Jars: Pure Royal Jelly & Manuka Honey Moisturizer-Body Balm thick deep moisturizer with shea and cocoa butter~ Free Priority Shipping,"Natural skin care â€“ anti aging  â€“ antioxidant â€“ moisturizing face cream â€“ all skin types â€“ moisturizing â€“ for radiant a glowing skin â€“ hydrating day and night cream

Packed with high quality best honey in the world â€“ Manuka honey â€“ contains minerals and vitamins; improved hydration helps with wrinkles, fine lines and makes the skin glow


2 Jars of our Royal Jelly and Manuka Honey Deep Moisturizing Cream


Royal Jelly for skin rejuvenation
New Zealand Manuka Honey for ultimate skin protection and hydration

Coupled with the soothing creamy texture of she and cocoa butter
2 jars: 100g size each
Highly concentrated
lasts up to 30 days with daily use for each jar!

Free Fast Shipping by Priority Mail

Choose your Essential Oil Scent!
No Scent 
Honey ğŸ¯
Lime & Coconut Verbena ğŸ¥¥
Spa Couture (Fresh Scent) ğŸŒ±
Honeysuckle Jasmine CoutureFloral Scent) ğŸŒ¸
Pina Colada ğŸ¹",27.99,USD,23,"anti_wrinkle,gift_ideas,gift,hand_cream,anti_aging,mothers_day_gift,dry_skin,beauty,organic,natural_skin_care,body_balm,skin_care,manuka_honey","pore minimizer,healthy skin,real honey,natural skin care,hydrating,free Shipping,non toxic,natural,raw,pure honey,shea butter,royal Jelly,Manuka Honey",https://i.etsystatic.com/21435983/r/il/10d057/2264881992/il_fullxfull.2264881992_77as.jpg,https://i.etsystatic.com/21435983/r/il/ea05d4/2411710785/il_fullxfull.2411710785_s1lo.jpg,https://i.etsystatic.com/21435983/r/il/600488/2286055834/il_fullxfull.2286055834_6809.jpg,https://i.etsystatic.com/21435983/r/il/920035/2332306419/il_fullxfull.2332306419_9vzm.jpg,https://i.etsystatic.com/21435983/r/il/53aa30/2264732800/il_fullxfull.2264732800_tbsv.jpg,https://i.etsystatic.com/21435983/r/il/96de95/2264732802/il_fullxfull.2264732802_bu7n.jpg,https://i.etsystatic.com/21435983/r/il/0ad912/2411710791/il_fullxfull.2411710791_1wxu.jpg,,,,Custom Property,Jar 1 Scent,"No Scent,Honey Scent,Lime Coconut Verbena,Spa Couture,Honeysuckle Couture,Pina Colada",Custom Property,Jar 2 Scent,"No Scent,Honey Scent,Lime Coconut Verbena,Spa Couture,Honeysuckle Couture,PiÃ±a Colada",15
100% Natural Manuka Honey Real Active Manuka Antibacterial Healthy No Additives ~Free Priority Shipping,"ğŸReserve Quality New Zealand ğŸ‡³ğŸ‡¿ Manuka ~MGO 83+ ~tested in USA ğŸ‡ºğŸ‡¸ for bioactivity authenticity and exceeds 83+ standards (batches range from 91-120 MGO levels). ğŸ¤© 


ğŸAlpha Manuka has been sourced from a New Zealand producer that exceeds certification standards and is a champion among Manuka Honey producers.  ğŸ¯

ğŸ Alpha Honey Manuka is an exclusive reserve with a high quality, much more intense full-flavor Manuka.

Manuka is used both medicinally and as gourmet food.ğŸ¯

ğŸ Sharply nutty flavor with earthy tones, this is a caramel thick full bodied honey.  ğŸ¯

Free Fast Shipping by Priority Mail

Try our Hanuka Manuka Blend of this Manuka with our Organic RainforestğŸŒ´ğŸ¦‹ğŸŒº Honey ğŸ¯ $18 listed here:

https://www.etsy.com/listing/732307912/hanuka-manuka-raw-honey-100-natural?ref=shop_home_feat_1

Or try our highest level ğŸ’¥ superfood honey: Royal Jelly ğŸ‘‘ğŸ & Hanuka Manuka Blend for the ultimate health benefits - $26 listed here:


https://www.etsy.com/listing/746170251/pure-royal-jelly-with-manuka-honey-wild?ref=shop_home_active_22&crt=1",25,USD,22,"real_honey,immune_support,New_Zealand_honey,antibacterial,healthy,organic_honey,natural_remedy,manuka_honey,natural_honey,pure_honey,raw_honey,new_zealand_manuka,honey_pot","honey,sore throat,best gift,weight loss,reserve,Raw,Pure,natural,no additives,no added sugar,unfiltered,unpasteurized,new zealand",https://i.etsystatic.com/21435983/r/il/785175/2373746993/il_fullxfull.2373746993_cux9.jpg,https://i.etsystatic.com/21435983/r/il/f81c8d/2373330825/il_fullxfull.2373330825_tp84.jpg,https://i.etsystatic.com/21435983/r/il/29f6ad/2279336465/il_fullxfull.2279336465_4cy2.jpg,https://i.etsystatic.com/21435983/r/il/4094b5/2373297293/il_fullxfull.2373297293_pnod.jpg,https://i.etsystatic.com/21435983/r/il/928744/2363344525/il_fullxfull.2363344525_cd5x.jpg,https://i.etsystatic.com/21435983/r/il/776880/2220597718/il_fullxfull.2220597718_fymg.jpg,https://i.etsystatic.com/21435983/r/il/dbc530/2330138277/il_fullxfull.2330138277_n8r7.jpg,https://i.etsystatic.com/21435983/r/il/18c121/2330138471/il_fullxfull.2330138471_6t2l.jpg,https://i.etsystatic.com/21435983/r/il/37c5bf/2220597538/il_fullxfull.2220597538_d40f.jpg,https://i.etsystatic.com/21435983/r/il/3657e7/2348048772/il_fullxfull.2348048772_e3ak.jpg,,,,,,,16
Glowing Skin Manuka Honey & Royal Jelly ~Free Priority Shipping-1 light aloe based moisturizer 1 body balm based thick moisturizer set,"Natural skin care â€“ anti aging â€“ antioxidant â€“ moisturizing face cream â€“ all skin types â€“ moisturizing â€“ for radiant a glowing skin â€“ hydrating day and night cream

Packed with high quality best honey in the world â€“ Manuka honey â€“ contains minerals and vitamins; improved hydration helps with wrinkles, fine lines and makes the skin glow

Face Cream:

New Zealand Medicinal MGO 83+ Manuka Honey with Pure Royal Jelly in a luxuriously smooth and light aloe vera and coconut oil base
great night serum deeply concentrated with antioxidant rich royal jelly and manuka honey

UNIQUELY NATURAL AND GLOWING FACE MOISTURIZER:

Highly concentrated moisturizer will last on average 30 days with daily use (twice per day use)!

MGO 83+ ğŸ‡³ğŸ‡¿ NEW ZEALAND MANUKA HONEY ğŸ¯ & PURE ğŸŒ± ROYAL ğŸ‘‘ JELLY ğŸ ğŸ‘¸

Our most exclusive Organic Aloe Vera and Coconut Oil based moisturizer is infused with medicinal grade MGO 83+ Manuka Honey and Pure Royal Jelly to repair, brighten, and promote youthful radiant skin growth.  

ğŸMedically recommended as preventative and acute treatment for: acne, acne scarring, rosacea, eczema, seborrheic dermatitis, and anti-age.
ğŸ Recommended daily use (morning and pm)
ğŸAloe Vera base with Coconut oil base (carrier oil and repair base)
ğŸGreat for all skin types 
ğŸHighly concentrated (40+doses per jar)
ğŸGreat for day and pm use- (recommended thicker application for pm)
    
â¤ï¸Heals and protects with the benefits of medical grade MGO 83+ Manuka Honey and B Vitamin Complex Anti Aging Antioxidants of Royal ğŸ‘‘ Jelly 

Choose your Essential Oil Scent!
No Scent 
Honey ğŸ¯
Lime & Coconut Verbena ğŸ¥¥
Spa Couture (Fresh Scent) ğŸŒ±
Honeysuckle Jasmine CoutureFloral Scent) ğŸŒ¸
Pina Colada ğŸ¹

Body Balm:
New Zealand Medicinal MGO 83+ Manuka Honey with Pure Royal Jelly in a deeply thick and moisturizing body butter base of shea and cocoa 
can be also used on face
moisturizing enough for even the most dry skin
Medicinal Grade MGO83+ New Zealand Manuka Honey & Antioxidant Rich Royal Jelly Skin Moisturizer 

Royal Jelly for skin rejuvenation
New Zealand Manuka Honey for ultimate skin protection and hydration

Coupled with the soothing creamy texture of she and cocoa butter
100g size
Highly concentrated
lasts up to 30 days with daily use!

Choose your Essential Oil Scent!
No Scent 
Honey ğŸ¯
Lime & Coconut Verbena ğŸ¥¥
Spa Couture (Fresh Scent) ğŸŒ±
Honeysuckle Jasmine CoutureFloral Scent) ğŸŒ¸
Pina Colada ğŸ¹",27.99,USD,23,"summer,serum,pore_minimizer,raw_honey,glowing_skin,natural,skin_care,gift_set,honey_moisturizer,manuka_honey,organic,anti_aging,acne","handmade,organic honey,honey,manuka honey,royal jelly,moisturizer,hands,face,face cream,night serum,dry hands,cracked hands,natural skin care",https://i.etsystatic.com/21435983/r/il/5c17f6/2264941048/il_fullxfull.2264941048_8kf2.jpg,https://i.etsystatic.com/21435983/r/il/a259c9/2316013022/il_fullxfull.2316013022_mgle.jpg,https://i.etsystatic.com/21435983/r/il/743a12/2312541117/il_fullxfull.2312541117_kooe.jpg,https://i.etsystatic.com/21435983/r/il/10618c/2284746724/il_fullxfull.2284746724_a9n8.jpg,https://i.etsystatic.com/21435983/r/il/6c9ef4/2264941156/il_fullxfull.2264941156_g80f.jpg,https://i.etsystatic.com/21435983/r/il/f9850e/2332356727/il_fullxfull.2332356727_jqhp.jpg,https://i.etsystatic.com/21435983/r/il/d45d1b/2312541109/il_fullxfull.2312541109_q80y.jpg,https://i.etsystatic.com/21435983/r/il/33b1e3/2312541107/il_fullxfull.2312541107_d7rc.jpg,https://i.etsystatic.com/21435983/r/il/509d7d/2411709071/il_fullxfull.2411709071_3ync.jpg,,Custom Property,Body Balm Scent,"No Scent,Honey Scent,Lime Coconut Verbena,Spa Couture,Honeysuckle Couture,PiÃ±a Colada",Custom Property,Face Moisturizer Scent,"No Scent,Honey Scent,Lime Coconut Verbena,Spa Couture,Honeysuckle Couture,PiÃ±a Colada",17
Summer Skin Detox Kit: 1.Manuka Oil Face Cleanser 2. Pure Manuka Honey face mask 3. Manuka Honey & Royal Jelly Cream ~Free Priority Shipping,"No More Maskne! ğŸ˜·ğŸ˜±~ Acne/Pimples and redness caused from wearing face masks or just plain skin detox needed after quarantine!

Treat your skin to some TLC and detox with naturally healing and restoring Manuka Honey ğŸ¯ and Royal ğŸ‘‘ Jelly. This combination helps fight inflammation and oil causing bacterial ğŸ¦  acne. 

Step 1:  Clean Your Face!ğŸ’¦ğŸ§¼
Manuka BeautyğŸŒ¸ Face Wash

Pure Manuka Plant ğŸŒ±Extracts are the most intense natural concentrations of microbial ğŸ¦ fighting antioxidants and soothing anti-inflammatory smoothness. We recommend massaging soap into slightly dampened skin for 2min to help remove old skin and damaged surface areas. Wash clean with waterğŸ’§ for a squeaky clean feel immediately. ğŸŒŸThis bottle is highly concentrated and 1/2 pump will cover the entire face. This product lasts up to 30 days with continuous use and comes in scented and unscented options. 

Step 2: Mask it Up! ğŸ›€
100% Pure Bioactive Edible Grade Manuka HoneyğŸ¯ğŸ˜‹

Yes this is our completely edible and delicious Manuka Honey ğŸto use as a glowing face mask. ğŸ˜€This thick Bioactive grade honey can be applied directly to the skin and used as a glowing â­ï¸and instantly restorative face mask. And yes it is completely edible. We recommend towel drying skin after step 1 and applying a dollop of honey to forehead and cheeks, then gently massaging into entire face avoiding eyes. Let sit for 20min then rinse clean with water for an instant glowğŸ’– and skin replenish. This is our full sized Manuka Honey and will last 30+ days with continuous use. 

Step 3: The Royal Treatment ğŸ‘‘
Royal JellyğŸ‘‘ & ManukağŸ Face Cream

After removing face mask lock in your glow and continue the skin rejuvenation with this Royal Jelly and Manuka Honey infused face cream. The face cream ğŸ¤©uses a soothing and gentle aloe vera base that works great for all skin types and sinks in deeply for a lasting dewy effect. We recommend using this moisturizer twice per day with one of uses directly after the above cleanse and mask application. This moisturizer is a wear all day and make up can be applied over the top. ğŸ¥°Always remove make up at night time. This highly concentrated serum lasts up to 30 days with continuous use and is available in scented and unscented options. 


Fast free 2-3 day priority shipping",43.99,USD,24,"real_honey,skin_repair,antibacterial,face_scrub,facial,quarantine,glowing,natural_skincare,detox,pimples,acne,face_mask,mask","pore,soft,beauty,serum,soothing,non toxic,raw,real,organic,aloe vera,royal Jelly,honey,Manuka Honey",https://i.etsystatic.com/21435983/r/il/374bae/2325741368/il_fullxfull.2325741368_jw4k.jpg,https://i.etsystatic.com/21435983/r/il/da44cd/2325741340/il_fullxfull.2325741340_ewc7.jpg,https://i.etsystatic.com/21435983/r/il/bb913b/2325741366/il_fullxfull.2325741366_73kt.jpg,https://i.etsystatic.com/21435983/r/il/708a5e/2352380033/il_fullxfull.2352380033_3lvk.jpg,https://i.etsystatic.com/21435983/r/il/7932d8/2325741398/il_fullxfull.2325741398_69jl.jpg,https://i.etsystatic.com/21435983/r/il/21f771/2304778056/il_fullxfull.2304778056_gjaf.jpg,https://i.etsystatic.com/21435983/r/il/b0bb99/2352380215/il_fullxfull.2352380215_lpqj.jpg,https://i.etsystatic.com/21435983/r/il/6adb8f/2304778222/il_fullxfull.2304778222_78jg.jpg,https://i.etsystatic.com/21435983/r/il/4d7656/2348050744/il_fullxfull.2348050744_r07x.jpg,,Custom Property,Face Wash Scent,"No Fragrance,Honey Scent,Jasmine Honeysuckle,Lime Coconut Verbena,Spa Fresh Scent,PiÃ±a Colada",Custom Property,Face Moisturizer Scent,"No Fragrance,Honey Scent,Jasmine Honeysuckle,Lime Coconut Verbena,Spa Fresh Scent,PiÃ±a Colada",18
"3 Jars-100%Pure Manuka Honey Bioactive Raw Unprocessed, Unfiltered, No additives,  All Natural Sugar, New Zealand Free Priority Shipping","3 Jar Discount! Buy 3 Jars for $15 with Free Shipping Limited Time 

100% All Natural Raw Manuka Honey 83+MGO, 
Thick creamy rich Manuka Honey taste
Hand poured for perfection straight from hive to jar


Great for fitness, sugar replacement, in water as a sports drink replacement.  

Low glycemic index, slow burning sugar that gives energy, vitamins and antioxidants, naturally

Mixes well in shakes and water


ğŸReserve Quality New Zealand ğŸ‡³ğŸ‡¿ Manuka ~MGO 83+ ~tested in USA ğŸ‡ºğŸ‡¸ for bioactivity authenticity and exceeds 83+ standards (batches range from 91-120 MGO levels). ğŸ¤© 


ğŸAlpha Manuka has been sourced from a New Zealand producer that exceeds certification standards and is a champion among Manuka Honey producers.  ğŸ¯

ğŸ Alpha Honey Manuka is an exclusive reserve with a high quality, much more intense full-flavor Manuka.

Manuka is used both medicinally and as gourmet food.ğŸ¯

ğŸ Sharply nutty flavor with earthy tones, this is a caramel thick full bodied honey.  ğŸ¯

Free Fast Shipping by Priority Mail

1 jar $25 listing here:

https://www.etsy.com/listing/746165639/100-pure-raw-hand-poured-manuka-honey?ref=shop_home_feat_4

2 jar $42 listing here:

https://www.etsy.com/listing/787588797/2-jars-100-new-zealand-manuka-honeys?ref=shop_home_active_14

Or try our Royal Jelly  ğŸ‘‘ ğŸ Manuka & Organic RainforestğŸŒ´ Honey:  

https://www.etsy.com/listing/746170251/pure-royal-jelly-with-manuka-honey-wild?ref=shop_home_active_22&crt=1",59.99,USD,49,"real,organic_honey,plant_based,immune_support,healthy_snack,diet,health_and_fitness,Manuka_Honey,natural,raw_honey,honey,healthy,manuka","allergies,natural remedy,metabolism booster,probiotic,superfood,raw honey,no additives,bioactive,prebiotic,antioxidant,vitamin,honeybee,natural",https://i.etsystatic.com/21435983/r/il/18b444/2326164356/il_fullxfull.2326164356_4k6x.jpg,https://i.etsystatic.com/21435983/r/il/a4632b/2373750495/il_fullxfull.2373750495_5hzz.jpg,https://i.etsystatic.com/21435983/r/il/457ab7/2325716044/il_fullxfull.2325716044_q9wc.jpg,https://i.etsystatic.com/21435983/r/il/41bde9/2332211157/il_fullxfull.2332211157_hkps.jpg,https://i.etsystatic.com/21435983/r/il/d863f1/2243608358/il_fullxfull.2243608358_4vnm.jpg,https://i.etsystatic.com/21435983/r/il/73a246/2373301377/il_fullxfull.2373301377_pjsm.jpg,https://i.etsystatic.com/21435983/r/il/81debe/2330156395/il_fullxfull.2330156395_cwkz.jpg,https://i.etsystatic.com/21435983/r/il/ad362d/2282549300/il_fullxfull.2282549300_6l1m.jpg,https://i.etsystatic.com/21435983/r/il/cb4739/2363343219/il_fullxfull.2363343219_nxzb.jpg,https://i.etsystatic.com/21435983/r/il/43b0e6/2395641995/il_fullxfull.2395641995_o3e6.jpg,,,,,,,19
"Pure Royal Jelly with Manuka Honey & Wild Raw Rainforest Honey-All Natural, Antioxidant infused pure Royal Jelly~Free Priority Shipping","Royal Hanuka Manuka Honey- 100% PURE RAW HONEY NEW ZEALAND MANUKA with PURE ROYAL JELLY ğŸ‘‘

ğŸ â¤ï¸Our most powerful blend of reserve quality Manuka, award winning Organic Brazilian, & Pure ROYAL JELLYğŸ‘¸

ğŸRoyal Jelly is highly nutritious and antioxidant rich and used in the hive to extend the life of the Queen by 40Xâ€™sğŸ˜³(worker bees live weeks while Queen lives 4+ years)

ğŸThis honey is characterized by a thick creamy texture and tangy sharpness that is harmonized into the full bodied taste of the Manuka and Brazilian honeys.  

ğŸRoyal Jelly was used by Aristotle and in ancient Greece as â€œAmbrosiaâ€ said to give immortalityğŸŒ±


Try our Hanuka Manuka Blend of this Manuka with our Organic RainforestğŸŒ´ğŸ¦‹ğŸŒº Honey ğŸ¯ $18 listed here:

https://www.etsy.com/listing/732307912/hanuka-manuka-raw-honey-100-natural?ref=shop_home_feat_1",26,USD,7,"marathon,health_and_fitness,unheated_honey,non_toxic,raw_honey,natural_honey,manuka_honey,active_manuka,organic_honey,free_shipping,organic,immune_boosting,superfood","metabolism booster,plant based,immune booster,healthy food,honey lover,wildflower honey,New Zealand Manuka H,healthy gift,royal jelly,honey,raw honey,manuka honey,glass jar",https://i.etsystatic.com/21435983/r/il/bf69ea/2373748285/il_fullxfull.2373748285_pjxa.jpg,https://i.etsystatic.com/21435983/r/il/80517b/2373329535/il_fullxfull.2373329535_htz0.jpg,https://i.etsystatic.com/21435983/r/il/ba879d/2332198887/il_fullxfull.2332198887_dits.jpg,https://i.etsystatic.com/21435983/r/il/f748f4/2231744364/il_fullxfull.2231744364_pas3.jpg,https://i.etsystatic.com/21435983/r/il/7e1783/2285718356/il_fullxfull.2285718356_6wf0.jpg,https://i.etsystatic.com/21435983/r/il/80b8bf/2244247223/il_fullxfull.2244247223_ewoo.jpg,https://i.etsystatic.com/21435983/r/il/3677f6/2330145341/il_fullxfull.2330145341_b8bw.jpg,https://i.etsystatic.com/21435983/r/il/4c2d0d/2314785727/il_fullxfull.2314785727_gztd.jpg,https://i.etsystatic.com/21435983/r/il/00c178/2318290336/il_fullxfull.2318290336_nb2h.jpg,https://i.etsystatic.com/21435983/r/il/d722f1/2395642583/il_fullxfull.2395642583_2wr4.jpg,,,,,,,20
Summer Glowing Skin: Manuka Honey & Royal Jelly Lightweight Face Cream and Manuka Oil Face Cleanser ~Free Priority Shipping,"Lightweight, aloe based summer skin care with clean manuka face and body gel 

Natural skin care â€“ anti aging â€“ face cleanser â€“ antioxidant â€“ moisturizing face cream â€“ all skin types â€“ moisturizing â€“ for radiant a glowing skin â€“ hydrating day and night cream

Packed with high quality best honey in the world â€“ Manuka honey â€“ contains minerals and vitamins; improved hydration helps with wrinkles, fine lines and makes the skin glow 

Discounted Moisturizer Pack:  Light Aloe Vera Based Face Cream & Antibacterial Manuka Essential Oil Foaming Face Wash
Face Cream:

New Zealand Medicinal MGO 83+ Manuka Honey with Pure Royal Jelly in a luxuriously smooth and light aloe vera and coconut oil base
great night serum deeply concentrated with antioxidant rich royal jelly and manuka honey

UNIQUELY NATURAL AND GLOWING FACE MOISTURIZER:

Highly concentrated moisturizer will last on average 30 days with daily use (twice per day use)!

MGO 83+ ğŸ‡³ğŸ‡¿ NEW ZEALAND MANUKA HONEY ğŸ¯ & PURE ğŸŒ± ROYAL ğŸ‘‘ JELLY ğŸ ğŸ‘¸

Our most exclusive Organic Aloe Vera and Coconut Oil based moisturizer is infused with medicinal grade MGO 83+ Manuka Honey and Pure Royal Jelly to repair, brighten, and promote youthful radiant skin growth.  

ğŸMedically recommended as preventative and acute treatment for: acne, acne scarring, rosacea, eczema, seborrheic dermatitis, and anti-age.
ğŸ Recommended daily use (morning and pm)
ğŸAloe Vera base with Coconut oil base (carrier oil and repair base)
ğŸGreat for all skin types 
ğŸHighly concentrated (40+doses per jar)
ğŸGreat for day and pm use- (recommended thicker application for pm)
    
â¤ï¸Heals and protects with the benefits of medical grade MGO 83+ Manuka Honey and B Vitamin Complex Anti Aging Antioxidants of Royal ğŸ‘‘ Jelly
 

Choose your Essential Oil Scent!
No Scent 
Honey ğŸ¯
Lime & Coconut Verbena ğŸ¥¥
Spa Couture (Fresh Scent) ğŸŒ±
Honeysuckle Jasmine CoutureFloral Scent) ğŸŒ¸
Pina Colada ğŸ¹
--------------------------------------------------------------------------------------------------------------------------------------------------------------------------------------------------------
Antimicrobial Face Wash: 

Gentle Foaming, Manuka Tree Oil Face and Body Wash

Manuka Tree Oil is 30X's more powerful than Tea Tree Oils! Will not dry you out!

Gentle foaming, highly concentrated 

Great for acne, makeup removal, natural antibacterial

Leave skin feeling squeaky clean


Choose your Essential Oil Scent!
No Scent 
Honey ğŸ¯
Lime & Coconut Verbena ğŸ¥¥
Spa Couture (Fresh Scent) ğŸŒ±
Honeysuckle Jasmine CoutureFloral Scent) ğŸŒ¸
Pina Colada ğŸ¹",24.99,USD,24,"free_Shipping,skin_repair,glowing_skin,real_honey,detox,Manuka_Honey,dry_skin,oily_skin,night_serum,tea_tree,organic,natural_skincare,face_cream","glowing,natural skincare,pore,acne,Manuka,face mask,antibacterial,Foaming,face soap,face moisturizer,Royal Jelly,raw honey,Manuka Honey",https://i.etsystatic.com/21435983/r/il/05485b/2285740386/il_fullxfull.2285740386_32mj.jpg,https://i.etsystatic.com/21435983/r/il/754bca/2374448472/il_fullxfull.2374448472_t0bx.jpg,https://i.etsystatic.com/21435983/r/il/cc1140/2282467712/il_fullxfull.2282467712_smj3.jpg,https://i.etsystatic.com/21435983/r/il/9e7003/2363708421/il_fullxfull.2363708421_c1r1.jpg,https://i.etsystatic.com/21435983/r/il/bd75ba/2312694521/il_fullxfull.2312694521_1gqe.jpg,https://i.etsystatic.com/21435983/r/il/98a172/2312694451/il_fullxfull.2312694451_75j5.jpg,https://i.etsystatic.com/21435983/r/il/95fe05/2363708451/il_fullxfull.2363708451_m6sc.jpg,https://i.etsystatic.com/21435983/r/il/f6d73b/2395643357/il_fullxfull.2395643357_gbrh.jpg,,,Custom Property,Face Wash Scent,"No Scent,Honey Scent,Lime Coconut Verbena,Spa Couture,Honeysuckle Couture,PiÃ±a Colada",Custom Property,Face Moisturizer Scent,"No Scent,Honey Scent,Lime Coconut Verbena,Spa Couture,Honeysuckle Couture,PiÃ±a Colada",21
Manuka Honey & Pure Rainforest Honey 100% Natural New Zealand + Brazil Real No Added Sugar  Active Antiviral~ Free Priority Shipping,"ğŸ100% Pure Daily Use Manuka HoneyğŸ¯for a healthy sweet snack and energy boost.  This great tasting caramel thick rare honey is extracted by helicopters from the farthest reaches of New Zealand to bring you one of the world's most powerful superfoods.   

 Pure New Zealand Raw Manuka honey is :

1. Research based health benefits -1,000's of published research articles available
2. Heals wounds, burns and other skin problems
3. Only sweet treat that actually prevents, not causing, tooth decay.  Manuka improves tooth health and gut health with its low glycemic sweetness.-
4. Great for curbing sugar cravings!

2 ğŸ¯ğŸ¯jar discount pack $29.99 listed here:ğŸ˜‹

https://www.etsy.com/listing/791657187/2-jar-hanuka-manuka-honey-manuka-and?ref=shop_home_active_9&crt=1

3 ğŸ¯ğŸ¯ğŸ¯jar super discount here $39.99:ğŸ¤©

https://www.etsy.com/listing/790481145/3-jars-of-manuka-rainforest-blend-100?ref=shop_home_active_11


ğŸLooking for an even higherğŸ’¥ antimicrobial level- try our 100% MGO 83+ Manuka Honey â­ï¸ $25 listed here:


https://www.etsy.com/listing/750280415/100-natural-manuka-honey-real-active?ref=shop_home_feat_3",18.99,USD,6,"raw_honey,manuka_honey,pure_honey,new_zealand_honey,natural_honey,organic_honey,immune_support,healthy,active_manuka,free_shipping,honey_bee,anti_bacterial,health_and_fitness","sweet,Pure,Raw,Unfiltered,manuka honey,brazilian honey,organic honey,natural,healthy,bee,honey pot,antioxidant,fitness and health",https://i.etsystatic.com/21435983/r/il/d53519/2330157033/il_fullxfull.2330157033_e0bs.jpg,https://i.etsystatic.com/21435983/r/il/ab767e/2373723712/il_fullxfull.2373723712_42mb.jpg,https://i.etsystatic.com/21435983/r/il/e45059/2285676730/il_fullxfull.2285676730_e2x7.jpg,https://i.etsystatic.com/21435983/r/il/a97c42/2332209353/il_fullxfull.2332209353_45m6.jpg,https://i.etsystatic.com/21435983/r/il/0b4d72/2118492349/il_fullxfull.2118492349_6tbm.jpg,https://i.etsystatic.com/21435983/r/il/df9952/2373723670/il_fullxfull.2373723670_s852.jpg,,,,,,,,,,,5
2 Jars 100% New Zealand Manuka Honeys Pure & Raw Bioactive Sore Throat  Cough Relief~ Free Priority Shipping,"Manuka Honey is a Natural Immune Booster and one of the world's most powerful honeys.  
We support our communities by trying to reach more people with this immune boosting and wonderfully natural and sweet treat

Buy 2 and share with your family and neighbors!

Manuka Honey is one of the healthiest ways to stay fit and healthy.  Let this powerful superfood take your health to the next level:

Alpha Manuka has been sourced from a New Zealand producer that exceeds certification standards and is a champion among Manuka Honey producers.  

Alpha Honey Manuka is an exclusive reserve with a high quality, much more intense full-flavor Manuka.
Manuka is used both medicinally and as gourmet food.

Sharply nutty flavor with earthy tones, this is a caramel thick full bodied honey.


Try our Hanuka Manuka Blend of this Manuka with our Organic RainforestğŸŒ´ğŸ¦‹ğŸŒº Honey ğŸ¯ $18 listed here:

https://www.etsy.com/listing/732307912/hanuka-manuka-raw-honey-100-natural?ref=shop_home_feat_1",42,USD,13,"seasonal_allergies,natural_remedies,healthy_snack,health_and_fitness,pure_honey,raw,honey_pot,immune_booster,natural,antiviral,vitamin,healthy,immunity","Weightloss,local honey,honeycomb,honey pot,no added sugar,Bioactive,raw,natural,healthy,no sugar added,non toxic,organic,unfiltered",https://i.etsystatic.com/21435983/r/il/5d1abd/2373749217/il_fullxfull.2373749217_szla.jpg,https://i.etsystatic.com/21435983/r/il/2c324d/2373332085/il_fullxfull.2373332085_a0yd.jpg,https://i.etsystatic.com/21435983/r/il/f93748/2325714226/il_fullxfull.2325714226_3ovc.jpg,https://i.etsystatic.com/21435983/r/il/a6c789/2276894699/il_fullxfull.2276894699_t5ri.jpg,https://i.etsystatic.com/21435983/r/il/d0acc9/2279335197/il_fullxfull.2279335197_cice.jpg,https://i.etsystatic.com/21435983/r/il/e5a0d2/2276880569/il_fullxfull.2276880569_7qn5.jpg,https://i.etsystatic.com/21435983/r/il/296ad0/2231743334/il_fullxfull.2231743334_ev6g.jpg,https://i.etsystatic.com/21435983/r/il/a7077d/2330155663/il_fullxfull.2330155663_q1ex.jpg,https://i.etsystatic.com/21435983/r/il/9bf236/2282548692/il_fullxfull.2282548692_jdix.jpg,https://i.etsystatic.com/21435983/r/il/470954/2318292930/il_fullxfull.2318292930_5mp1.jpg,,,,,,,7
All Day Skin Glow: Manuka Oil Facial Cleanser + Manuka Honey & Royal Jelly Body Butter Moisturizer ~Free Priority Shipping,"Manuka ~ Royal Jelly~ Natural Glowing Beautiful ğŸğŸŒ±ğŸŒ¸


Natural skin care â€“ anti aging â€“ face cleanser â€“ antioxidant â€“ moisturizing cream â€“ all skin types â€“ moisturizing â€“ for radiant a glowing skin â€“ hydrating day and night cream

Packed with high quality best honey in the world â€“ Manuka honey â€“ contains minerals and vitamins; improved hydration helps with wrinkles, fine lines and makes the skin glow

2 Skin Care Gift Pack: Manuka Essential Oil Antimicrobial Face Wash and Manuka Honey and Royal Jelly Body Balm:

Body Balm :

UNIQUE AND NATURALLY HYDRATING BODY BALM FOR BODY OR FACE:

 ğŸ‡³ğŸ‡¿NEW ZEALAND MANUKA HONEY ğŸğŸ¯  INFUSED WITHâ¤ï¸PURE ğŸŒ±ROYAL ğŸ‘¸ JELLY ğŸ˜²


ğŸğŸ¯Shea Butter and Cocoa Butter Base ğŸ’¦

Designed originally for multi-day ğŸ˜“endurance racersğŸƒğŸ½â€â™‚ï¸exposed to extreme environmental elementsğŸ”¥ğŸŒª ğŸŒŠ to protect and restore skin

Use daily, great for hands ğŸ¤²ğŸ½, can be used on faceğŸ¤©or areas of skin dryness ğŸŒµ

Repairs crepe-paper like skin texture immediately. ğŸ’¦ğŸŒˆ


Antimicrobial Face Wash:  

Gentle Foaming, Manuka Tree Oil Face and Body Wash

Manuka Tree Oil is 30X's more powerful than Tea Tree Oils! Will not dry you out!

Gentle foaming, highly concentrated 

Great for acne, makeup removal, natural antibacterial

Leave skin feeling squeaky clean


Choose your Essential Oil Scent!
No Scent 
Honey ğŸ¯
Lime & Coconut Verbena ğŸ¥¥
Spa Couture (Fresh Scent) ğŸŒ±
Honeysuckle Jasmine CoutureFloral Scent) ğŸŒ¸
Pina Colada ğŸ¹",24.99,USD,25,"glowing_skin,organic,oily_skin,manuka_honey,face_wash,face_soap,body_balm,moisturizer,honey_soap,honey_moisturizer,teenager,acne,natural_skin_care","healthy gift,Manuka Honey,raw honey,royal jelly,tea tree manuka oil,organic,antibacterial,deep moisturizing,dry hands,face,hands,skin care,gift set",https://i.etsystatic.com/21435983/r/il/dc19f0/2285748146/il_fullxfull.2285748146_qczv.jpg,https://i.etsystatic.com/21435983/r/il/6ae1bf/2316148120/il_fullxfull.2316148120_fvmm.jpg,https://i.etsystatic.com/21435983/r/il/357706/2264959528/il_fullxfull.2264959528_3w82.jpg,https://i.etsystatic.com/21435983/r/il/ef812e/2312559975/il_fullxfull.2312559975_55o2.jpg,https://i.etsystatic.com/21435983/r/il/d04c1d/2315771050/il_fullxfull.2315771050_ftxv.jpg,https://i.etsystatic.com/21435983/r/il/32c1bd/2333368541/il_fullxfull.2333368541_11aw.jpg,https://i.etsystatic.com/21435983/r/il/061874/2333369425/il_fullxfull.2333369425_tnq5.jpg,,,,Custom Property,Face Wash Scent,"No Scent,Honey Scent,Lime Coconut Verbena,Spa Couture,Honeysuckle Couture,Pina Colada",Custom Property,Body Balm Scent,"No Scent,Honey Scent,Lime Coconut Verbena,Spa Couture,Honeysuckle Couture,Pina Colada",22
Ultimate Skin Glow Kit: Manuka Honey & Royal Jelly Creams and Manuka Oil Antimicrobial Face Cleanser ~Free  Priority Shipping,"Pure Manuka ~ Honey ~ Royal Jelly
Natureâ€™s Beauty Line
ğŸŒ±ğŸŒºğŸ


Natural skin care â€“ anti aging â€“ face cleanser â€“ antioxidant â€“ moisturizing face cream â€“ all skin types â€“ moisturizing â€“ for radiant a glowing skin â€“ hydrating day and night cream

Packed with high quality best honey in the world â€“ Manuka honey â€“ contains minerals and vitamins; improved hydration helps with wrinkles, fine lines and makes the skin glow




Beautiful Spa Gift Set -All 3 Alpha Honey Health Skin Care Line 

1. Manuka Essential Tea Tree Foaming Face Wash

2. Manuka Honey and Royal Jelly Face Cream with Aloe Vera Base

3. Deeply Moisturizing Manuka Honey and Royal Jelly Body Balm with Shea and Cocoa Butter Base


Choose your scents for each with beautifully inspired essential oil fragrances.

*Etsy only allows for 2 Choice Variations but you may select individual scents for all 3 items. If you want 2 different scents for the Face Cream and Body Balm please send text/message thru Etsy and we will confirm. Otherwise you may select same scent for both.",33.99,USD,25,"charcoal,detox,gift_for_mom,honey,manuka_honey,raw,natural_skincare,gift_set,royal_jelly,gift_for_her,beauty,moisturizer,acne","manuka honey,raw honey,natural,eczema,bee,honey,gentle,skincare,royal jelly,honey pot,organic,beauty,face",https://i.etsystatic.com/21435983/r/il/d43841/2333366033/il_fullxfull.2333366033_h380.jpg,https://i.etsystatic.com/21435983/r/il/6d981d/2363126700/il_fullxfull.2363126700_6z1y.jpg,https://i.etsystatic.com/21435983/r/il/4b7c9f/2410730213/il_fullxfull.2410730213_czax.jpg,https://i.etsystatic.com/21435983/r/il/e33727/2410730277/il_fullxfull.2410730277_8641.jpg,https://i.etsystatic.com/21435983/r/il/0e6180/2312312903/il_fullxfull.2312312903_te88.jpg,https://i.etsystatic.com/21435983/r/il/c82129/2333367505/il_fullxfull.2333367505_do4x.jpg,https://i.etsystatic.com/21435983/r/il/b73f37/2332352651/il_fullxfull.2332352651_7b04.jpg,https://i.etsystatic.com/21435983/r/il/a28836/2312313017/il_fullxfull.2312313017_9r0n.jpg,https://i.etsystatic.com/21435983/r/il/17c26c/2284742782/il_fullxfull.2284742782_gocx.jpg,,Custom Property,Face Wash Scent,"Honey Scent,No Scent,Lime Coconut Scent,Pina Colada,Spa Couture,Honeysuckle Couture",Custom Property,Body Balm and Face Cream Scent,"No Scent,Honey Scent,LimeCoconut Verbena,Spa Couture,Honeysuckle Couture,Pina Colada,2 Diff Scents",23
Glowing Skin Manuka Honey & Royal Jelly lightweight aloe based serum ~Free Priority Shipping,"Natural skin care â€“ anti aging â€“ face cleanser â€“ antioxidant â€“ moisturizing face cream â€“ all skin types â€“ moisturizing â€“ for radiant a glowing skin â€“ hydrating day and night cream

Packed with high quality best honey in the world â€“ Manuka honey â€“ contains minerals and vitamins; improved hydration helps with wrinkles, fine lines and makes the skin glow


UNIQUELY NATURAL AND GLOWING FACE MOISTURIZER:

Highly concentrated moisturizer will last on average 30 days with daily use (twice per day use)!

MGO 83+ ğŸ‡³ğŸ‡¿ NEW ZEALAND MANUKA HONEY ğŸ¯ & PURE ğŸŒ± ROYAL ğŸ‘‘ JELLY ğŸ ğŸ‘¸

Our most exclusive Organic Aloe Vera and Coconut Oil based moisturizer is infused with medicinal grade MGO 83+ Manuka Honey and Pure Royal Jelly to repair, brighten, and promote youthful radiant skin growth.  

ğŸMedically recommended as preventative and acute treatment for: acne, acne scarring, rosacea, eczema, seborrheic dermatitis, and anti-age.
ğŸ Recommended daily use (morning and pm)
ğŸAloe Vera base with Coconut oil base (carrier oil and repair base)
ğŸGreat for all skin types 
ğŸHighly concentrated (40+doses per jar)
ğŸGreat for day and pm use- (recommended thicker application for pm)
    
â¤ï¸Heals and protects with the benefits of medical grade MGO 83+ Manuka Honey and B Vitamin Complex Anti Aging Antioxidants of Royal ğŸ‘‘ Jelly 

Choose your Essential Oil Scent!
No Scent 
Honey ğŸ¯
Lime & Coconut Verbena ğŸ¥¥
Spa Couture (Fresh Scent) ğŸŒ±
Honeysuckle Jasmine CoutureFloral Scent) ğŸŒ¸
Pina Colada ğŸ¹",16.9,USD,24,"detox,face_soap,free_shipping,gift_for_mom,Manuka_Honey,Raw_honey,New_Zealand_Manuka,Royal_Jelly,Wrinkle,Natural_Face_Cream,Night_Serum,Acne,beauty","skin care,natural skincare,Manuka,pore,manuka honey,royal jelly,coconut oil,natural night cream,honey moisturizer,antioxidant,light cream,honey,bee",https://i.etsystatic.com/21435983/r/il/65eaa6/2275085776/il_fullxfull.2275085776_l4ry.jpg,https://i.etsystatic.com/21435983/r/il/408b52/2421328199/il_fullxfull.2421328199_rcs3.jpg,https://i.etsystatic.com/21435983/r/il/ce98e1/2286145904/il_fullxfull.2286145904_rg0u.jpg,https://i.etsystatic.com/21435983/r/il/25b82c/2363626155/il_fullxfull.2363626155_9f6u.jpg,https://i.etsystatic.com/21435983/r/il/058531/2264872202/il_fullxfull.2264872202_m7qb.jpg,https://i.etsystatic.com/21435983/r/il/06b7b9/2264718436/il_fullxfull.2264718436_tnse.jpg,https://i.etsystatic.com/21435983/r/il/eea2b9/2264718434/il_fullxfull.2264718434_41oj.jpg,https://i.etsystatic.com/21435983/r/il/485cfc/2312316917/il_fullxfull.2312316917_1p83.jpg,,,Scent,Scent,"No Scent,Honey,Spa Couture,Lime Coconut Verbena,Honeysuckle Couture,Pina Colada",,,,24
100% Manuka Pure Honey & Pure Royal Jelly Hanuka Manuka Honey- Superfood Pack ~ Free Priority Shipping,"Royal Superfood Pack:
1 -100% MGO 83+ New Zealand Manuka Pure Raw Bioactive Honey
1-Royal Jelly & Manuka~Rainforest Blend Honey 

Both are our most powerful honeys all natural no sugar added only pure raw unfiltered bee products.
1.  100% Manuka 83+ Honey:
100% Raw, Pure Bioactive Manuka Honey from New Zealand has a uniquely sharp nutty flavor and characteristic caramel thick texture.  This powerful raw honey is packed with antibacterial, performance-enhancing, and immunity properties


2.  Royal Hanuka Manuka Honey:
The most powerful blend that combines Manuka Honey, Organic Wild Brazilian Honey, and Pure Royal Jelly that give this thick honey a full-bodied tangy taste.  Royal Jelly is highly nutritious and packed with antioxidants that research indicates promote cellular longevity and anti-aging effects.",42,USD,7,"zinc,vitamins,unfiltered_honey,honey_glass_jar,honey_pot,superfood,antioxidant,healthy,honey,immune_booster,health_and_fitness,bodybuilding,diet","plant based,natural,honeycomb,Bioactive,unfiltered,prebiotic,zinc,organic honey,Manuka,New Zealand,royal Jelly,paleo,workout",https://i.etsystatic.com/21435983/r/il/e44606/2326166590/il_fullxfull.2326166590_exl3.jpg,https://i.etsystatic.com/21435983/r/il/1e9e37/2373303585/il_fullxfull.2373303585_jxg8.jpg,https://i.etsystatic.com/21435983/r/il/9fa57c/2326166592/il_fullxfull.2326166592_r0bs.jpg,https://i.etsystatic.com/21435983/r/il/dde1d5/2254172664/il_fullxfull.2254172664_egai.jpg,https://i.etsystatic.com/21435983/r/il/badd0d/2285766538/il_fullxfull.2285766538_4u96.jpg,https://i.etsystatic.com/21435983/r/il/6562db/2373752677/il_fullxfull.2373752677_8ad1.jpg,https://i.etsystatic.com/21435983/r/il/819bdc/2254172700/il_fullxfull.2254172700_9t4r.jpg,https://i.etsystatic.com/21435983/r/il/ec1568/2363349577/il_fullxfull.2363349577_tcpk.jpg,https://i.etsystatic.com/21435983/r/il/39655f/2325718190/il_fullxfull.2325718190_sthm.jpg,,,,,,,,25
3 Jars- Pure Royal Jelly in Manuka & Rainforest Raw Honey Superfood Natural Immune Booster No additives~ Free Priority Shipping,"Royal Jelly Queen Bee Superfoods that can help decrease inflammation, promote healthy cell growth, and reduce oxidative stress

Royal Jelly Mixed with the power of Manuka Honey & Rainforest Brazilian Honey 

Great sweet and tangy taste 

Workout Superfood 
Healthy Antioxidants 
Promotes Immune System 
Aphrodisiac 

Discounted 3 Jar Pack!! Free Fast Shipping by Priority Mail",62.99,USD,5,"workout,aphrodisiac,endurance,fitness,immune_booster,energy,bodybuilding,unfiltered_honey,honey_glass_jar,organic_honey,superfood,natural_honey,Pure_Honey","plant based,organic honey,healthy gift,honey bee,honeycomb,wildflower honey,Bioactive,unfiltered,raw,pure,organic,Manuka Honey,royal Jelly",https://i.etsystatic.com/21435983/r/il/ca4397/2326171598/il_fullxfull.2326171598_ffbm.jpg,https://i.etsystatic.com/21435983/r/il/f3b482/2325722750/il_fullxfull.2325722750_ks66.jpg,https://i.etsystatic.com/21435983/r/il/a2e4d7/2267189094/il_fullxfull.2267189094_qva5.jpg,https://i.etsystatic.com/21435983/r/il/e3ed51/2363131402/il_fullxfull.2363131402_opg2.jpg,https://i.etsystatic.com/21435983/r/il/ef2505/2243612712/il_fullxfull.2243612712_wky4.jpg,https://i.etsystatic.com/21435983/r/il/02d294/2326171518/il_fullxfull.2326171518_knfm.jpg,https://i.etsystatic.com/21435983/r/il/9653bc/2325722678/il_fullxfull.2325722678_d5zc.jpg,https://i.etsystatic.com/21435983/r/il/1f1d36/2284599716/il_fullxfull.2284599716_bjc6.jpg,,,,,,,,,26
3 Jars of Manuka & Rainforest Blend 100% Raw Pure Honey- unpasteurized unfiltered no added sugar superfood~ Free Priority Shipping,"Best Discount on our 3 jar pack of 100% Raw Manuka and Rainforest Honey

Made with:

MGO 83+ Pure Manuka Honey from New Zealand 

&

100% Organic Rainforest Brazilian Raw Honey 

Award winning taste 

Packed full of vitamins and antioxidants from both hemispheres 

Great by the spoonful and as a healthy replacement to sweeteners and as a spread

Free Fast Shipping by Priority Mail


Or try our highest level ğŸ’¥ superfood honey: Royal Jelly ğŸ‘‘ğŸ & Hanuka Manuka Blend for the ultimate health benefits - $26 listed here:


https://www.etsy.com/listing/746170251/pure-royal-jelly-with-manuka-honey-wild?ref=shop_home_active_22&crt=1",39.99,USD,5,"sale,manuka,sweet,healthy,non_toxic,non_gmo,natural,honey_pot,honeycomb,honey,pure,organic,raw","100,best,bee,no sugar,sweet,gift,sale,vegetarian,raw,unfiltered,unpasteurized,organic honey,Manuka honey",https://i.etsystatic.com/21435983/r/il/8bf726/2264896598/il_fullxfull.2264896598_q1t3.jpg,https://i.etsystatic.com/21435983/r/il/c33ebf/2363350583/il_fullxfull.2363350583_sxct.jpg,https://i.etsystatic.com/21435983/r/il/ee11c2/2315762872/il_fullxfull.2315762872_1qgh.jpg,https://i.etsystatic.com/21435983/r/il/e8db26/2284740936/il_fullxfull.2284740936_6g65.jpg,https://i.etsystatic.com/21435983/r/il/cd0b46/2330154561/il_fullxfull.2330154561_qpb0.jpg,https://i.etsystatic.com/21435983/r/il/5859fb/2282547498/il_fullxfull.2282547498_jgmh.jpg,https://i.etsystatic.com/21435983/r/il/513861/2282547780/il_fullxfull.2282547780_kbfb.jpg,,,,,,,,,,27
Summer Glow 2 Manuka Oil Natural Face Cleanser Antibacterial Foaming Wash~ Free Priority Shipping,"Natural skin care â€“ anti aging â€“ face cleanser â€“ antioxidant  â€“ all skin types â€“ for radiant a glowing 

contains minerals and vitamins; improved hydration helps with wrinkles, fine lines and makes the skin glow Botanically made With rare and exclusive Pure Manuka Tree oils. 

Manuka Oil is extracted from the Manuka Tree and is known to be 30Xâ€™s stronger and more antimicrobial than traditional tea tree oils. 

Manuka oil also contains sun protecting abilities and has been shown to reverse and protect skin from sun damage. 

Gentle Foaming and available in luxurious spa aromatherapy inspired essential oil scents. 
Choose your Essential Oil Scent!
No Scent 
Honey ğŸ¯
Lime & Coconut Verbena ğŸ¥¥
Spa Couture (Fresh Scent) ğŸŒ±
Honeysuckle Jasmine CoutureFloral Scent) ğŸŒ¸
Pina Colada ğŸ¹


Discounted pack allows you to choose any two mix and match scents to try! 

Great for everyday use! Not watered down! Highly concentrated-1/2 pump enough for entire face approximately 1 pump for whole body use. 

Spa quality pump with bamboo lid for luxurious look inside and out!

We recommend a honey or aloe based moisturizer paired with this soap for healthy clean glowing skin",25,USD,50,"glowing_skin,pore,free_shipping,gift_for_her,bath_soap,Tea_Tree,natural,clean,face,body,non_toxic,pure,acne","clean,sale,plant based,bath beauty,bath and body,antibacterial,aromatherapy,essential oils,handmade,gentle,shower gel,wash,tree oil",https://i.etsystatic.com/21435983/r/il/8ca403/2365873351/il_fullxfull.2365873351_9y7y.jpg,https://i.etsystatic.com/21435983/r/il/1da3d7/2330073061/il_fullxfull.2330073061_7fka.jpg,https://i.etsystatic.com/21435983/r/il/7c3ef1/2411704571/il_fullxfull.2411704571_8vrb.jpg,https://i.etsystatic.com/21435983/r/il/986d80/2232990580/il_fullxfull.2232990580_670w.jpg,https://i.etsystatic.com/21435983/r/il/3fbd17/2280582617/il_fullxfull.2280582617_4dgd.jpg,https://i.etsystatic.com/21435983/r/il/f72d10/2282465210/il_fullxfull.2282465210_pmrc.jpg,https://i.etsystatic.com/21435983/r/il/3d8d18/2365877569/il_fullxfull.2365877569_gu6o.jpg,,,,Custom Property,Bottle 1 Scent,"No Scent,Honey Scent,Lime Coconut Verbena,Spa Couture,Honeysuckle Couture,PiÃ±a Colada",Custom Property,Bottle 2 Scent,"No Scent,Honey Scent,Lime Coconut Verbena,Spa Couture,Honeysuckle Couture,PiÃ±a Colada",28